{"iter": 6000, "train/loss": 5.2271575927734375, "val/loss": 5.2314910888671875, "lr": 6e-05, "_timestamp": 1675622456.4950619, "_runtime": 3191.685388803482, "_step": 12, "_wandb": {"runtime": 3195}}