{"iter": 69000, "train/loss": 4.373178005218506, "val/loss": 4.413449764251709, "lr": 0.0005834464069844891, "_timestamp": 1675601254.7337258, "_runtime": 33753.29612374306, "_step": 69, "_wandb": {"runtime": 33989}}