{"iter": 5000, "train/loss": 5.3649115562438965, "val/loss": 5.413622856140137, "lr": 0.0002, "_timestamp": 1675610729.3434458, "_runtime": 2428.9053118228912, "_step": 10, "_wandb": {"runtime": 2511}}