{"iter": 80000, "train/loss": 4.276472568511963, "val/loss": 4.269224643707275, "lr": 0.0005776470514064723, "_timestamp": 1675084004.1817214, "_runtime": 53584.18873333931, "_step": 40, "_wandb": {"runtime": 54205}}