{"iter": 5000, "train/loss": 5.175779342651367, "val/loss": 5.232617378234863, "lr": 6e-05, "_timestamp": 1675607563.752185, "_runtime": 2535.133367061615, "_step": 10, "_wandb": {"runtime": 2863}}