{"iter": 0, "train/loss": 10.958940505981445, "val/loss": 10.957785606384277, "lr": 0.0, "_timestamp": 1675515781.928677, "_runtime": 10.595014095306396, "_step": 0, "_wandb": {"runtime": 25}}