{"iter": 0, "train/loss": 11.020334243774414, "val/loss": 11.014687538146973, "lr": 0.0, "_timestamp": 1675566738.6570747, "_runtime": 18.60198163986206, "_step": 0, "_wandb": {"runtime": 125}}