{"iter": 0, "train/loss": 11.020334243774414, "val/loss": 11.014687538146973, "lr": 0.0, "_timestamp": 1675565535.9049888, "_runtime": 20.8349347114563, "_step": 0, "_wandb": {"runtime": 85}}