{"iter": 0, "train/loss": 11.020434379577637, "val/loss": 11.014739036560059, "lr": 0.0, "_timestamp": 1675560988.0420039, "_runtime": 16.01419186592102, "_step": 0, "_wandb": {"runtime": 517}}