{"iter": 0, "train/loss": 11.020339012145996, "val/loss": 11.014673233032227, "lr": 0.0, "_timestamp": 1675607980.771901, "_runtime": 13.145795822143555, "_step": 0, "_wandb": {"runtime": 188}}