{"iter": 2000, "train/loss": 5.61203670501709, "val/loss": 5.581345081329346, "lr": 0.0002465654115187642, "_timestamp": 1675603241.9681697, "_runtime": 1123.5614297389984, "_step": 4, "_wandb": {"runtime": 1163}}