{"iter": 0, "train/loss": 11.020404815673828, "val/loss": 11.014737129211426, "lr": 0.0, "_timestamp": 1675565319.1554773, "_runtime": 19.890029191970825, "_step": 0, "_wandb": {"runtime": 24}}