{"iter": 0, "train/loss": 11.020404815673828, "val/loss": 11.014737129211426, "lr": 0.0, "_timestamp": 1675565778.817254, "_runtime": 18.69559907913208, "_step": 0, "_wandb": {"runtime": 95}}