{"iter": 0, "train/loss": 10.955426216125488, "val/loss": 10.954870223999023, "lr": 0.0, "_timestamp": 1675515623.0791943, "_runtime": 53.26437520980835, "_step": 0, "_wandb": {"runtime": 41}}