{"iter": 13000, "train/loss": 4.6766357421875, "val/loss": 4.694277286529541, "lr": 0.0005995492916002828, "_timestamp": 1675524482.0293045, "_runtime": 8666.34220457077, "_step": 13, "_wandb": {"runtime": 9092}}