{"iter": 3000, "train/loss": 5.569580078125, "val/loss": 5.502133369445801, "lr": 6e-05, "_timestamp": 1675604958.71805, "_runtime": 1515.3076479434967, "_step": 6, "_wandb": {"runtime": 1566}}