{"iter": 0, "train/loss": 11.020404815673828, "val/loss": 11.014737129211426, "lr": 0.0, "_timestamp": 1675564410.5662684, "_runtime": 19.66550040245056, "_step": 0, "_wandb": {"runtime": 31}}