{"iter": 0, "train/loss": 11.020408630371094, "val/loss": 11.014742851257324, "lr": 0.0, "_timestamp": 1675551622.8470144, "_runtime": 15.435941457748413, "_step": 0, "_wandb": {"runtime": 75}}