{"iter": 3000, "train/loss": 5.540953159332275, "val/loss": 5.478735446929932, "lr": 6e-05, "_timestamp": 1675618971.4418788, "_runtime": 1466.3485498428345, "_step": 6, "_wandb": {"runtime": 1684}}