{"iter": 6000, "train/loss": 5.112068176269531, "val/loss": 5.120954990386963, "lr": 9e-05, "_timestamp": 1675613919.4388468, "_runtime": 2951.3282718658447, "_step": 12, "_wandb": {"runtime": 3034}}