{"iter": 6000, "train/loss": 5.318817138671875, "val/loss": 5.327463150024414, "lr": 6e-05, "_timestamp": 1675630722.293317, "_runtime": 3221.8799200057983, "_step": 12, "_wandb": {"runtime": 3225}}